machine,section,detector,pauc,auc_source,auc_target
fan,section_00,knn,0.5178947368421053,0.2884,0.502
fan,section_00,knn_naive,0.49842105263157893,0.2762,0.39999999999999997
fan,section_00,pca,0.5863157894736842,0.8558,0.40859999999999996
fan,section_00,gmm,0.4926315789473684,0.5883999999999999,0.19
fan,section_00,ae,0.5615789473684211,0.7456,0.3294
fan,section_00,idcnn,0.5394736842105263,0.5326,0.606
valve,section_00,knn,0.4868421052631579,0.5298,0.48439999999999994
valve,section_00,knn_naive,0.4936842105263158,0.569,0.4858
valve,section_00,pca,0.4957894736842105,0.5107999999999999,0.5492
valve,section_00,gmm,0.5036842105263157,0.5292,0.4554
valve,section_00,ae,0.5194736842105263,0.5372,0.5
valve,section_00,idcnn,0.47736842105263155,0.6472,0.3876
